{"cameraMode":{"drawMode":0,"name":"Shaded","section":"Shading Mode"},"sceneLighting":true,"audioPlay":false,"sceneViewState":{"showFog":true,"showMaterialUpdate":false,"showSkybox":true,"showFlares":true,"showImageEffects":true,"showParticleSystems":true},"in2DMode":false,"pivot":{"x":0.879638671875,"y":2.0390625,"z":-3.008056640625},"rotation":{"x":-0.01735326647758484,"y":0.9690235257148743,"z":-0.23596404492855073,"w":-0.0739273950457573},"size":2.4182534217834474,"orthographic":true}